-- phpMyAdmin SQL Dump
-- version 5.0.4
-- https://www.phpmyadmin.net/
--
-- Host: 127.0.0.1
-- Generation Time: Feb 24, 2021 at 10:33 AM
-- Server version: 10.4.17-MariaDB
-- PHP Version: 7.4.13

SET SQL_MODE = "NO_AUTO_VALUE_ON_ZERO";
START TRANSACTION;
SET time_zone = "+00:00";


/*!40101 SET @OLD_CHARACTER_SET_CLIENT=@@CHARACTER_SET_CLIENT */;
/*!40101 SET @OLD_CHARACTER_SET_RESULTS=@@CHARACTER_SET_RESULTS */;
/*!40101 SET @OLD_COLLATION_CONNECTION=@@COLLATION_CONNECTION */;
/*!40101 SET NAMES utf8mb4 */;

--
-- Database: `onlineexamdb`
--

-- --------------------------------------------------------

--
-- Table structure for table `admin_acc`
--

CREATE TABLE `admin_acc` (
  `admin_id` int(11) NOT NULL,
  `admin_user` varchar(50) NOT NULL,
  `admin_pass` varchar(150) NOT NULL
) ENGINE=InnoDB DEFAULT CHARSET=latin1;

--
-- Dumping data for table `admin_acc`
--

INSERT INTO `admin_acc` (`admin_id`, `admin_user`, `admin_pass`) VALUES
(1, 'admin@gmail.com', 'admin');

-- --------------------------------------------------------

--
-- Table structure for table `course_tbl`
--

CREATE TABLE `course_tbl` (
  `cou_id` int(11) NOT NULL,
  `cou_name` varchar(1000) NOT NULL,
  `cou_created` timestamp NOT NULL DEFAULT current_timestamp() ON UPDATE current_timestamp()
) ENGINE=InnoDB DEFAULT CHARSET=latin1;

--
-- Dumping data for table `course_tbl`
--

INSERT INTO `course_tbl` (`cou_id`, `cou_name`, `cou_created`) VALUES
(71, 'DCS', '2021-02-24 09:04:36'),
(72, 'BITC', '2021-02-24 09:03:51');

-- --------------------------------------------------------

--
-- Table structure for table `examinee_tbl`
--

CREATE TABLE `examinee_tbl` (
  `exmne_id` int(11) NOT NULL,
  `exmne_fullname` varchar(1000) NOT NULL,
  `exmne_course` varchar(1000) NOT NULL,
  `exmne_gender` varchar(1000) NOT NULL,
  `exmne_birthdate` varchar(1000) NOT NULL,
  `exmne_year_level` varchar(1000) NOT NULL,
  `exmne_email` varchar(1000) NOT NULL,
  `exmne_password` varchar(1000) NOT NULL,
  `exmne_status` varchar(1000) NOT NULL DEFAULT 'active'
) ENGINE=InnoDB DEFAULT CHARSET=latin1;

--
-- Dumping data for table `examinee_tbl`
--

INSERT INTO `examinee_tbl` (`exmne_id`, `exmne_fullname`, `exmne_course`, `exmne_gender`, `exmne_birthdate`, `exmne_year_level`, `exmne_email`, `exmne_password`, `exmne_status`) VALUES
(10, 'Arop Boniface', '71', 'male', '2019-01-07', 'first year', 'arop@gmail.com', 'arop', 'active'),
(11, 'Alinda Marion', '72', 'female', '1970-01-01', 'third year', 'alinda@gmail.com', 'alinda', 'active');

-- --------------------------------------------------------

--
-- Table structure for table `exam_answers`
--

CREATE TABLE `exam_answers` (
  `exans_id` int(11) NOT NULL,
  `axmne_id` int(11) NOT NULL,
  `exam_id` int(11) NOT NULL,
  `quest_id` int(11) NOT NULL,
  `exans_answer` varchar(1000) NOT NULL,
  `exans_status` varchar(1000) NOT NULL DEFAULT 'new',
  `exans_created` timestamp NOT NULL DEFAULT current_timestamp() ON UPDATE current_timestamp()
) ENGINE=InnoDB DEFAULT CHARSET=latin1;

--
-- Dumping data for table `exam_answers`
--

INSERT INTO `exam_answers` (`exans_id`, `axmne_id`, `exam_id`, `quest_id`, `exans_answer`, `exans_status`, `exans_created`) VALUES
(337, 10, 28, 39, 'what3', 'new', '2021-02-24 06:36:54'),
(338, 10, 28, 40, 'that2', 'new', '2021-02-24 06:36:54'),
(339, 11, 29, 41, 'Tv', 'new', '2021-02-24 09:26:41');

-- --------------------------------------------------------

--
-- Table structure for table `exam_attempt`
--

CREATE TABLE `exam_attempt` (
  `examat_id` int(11) NOT NULL,
  `exmne_id` int(11) NOT NULL,
  `exam_id` int(11) NOT NULL,
  `examat_status` varchar(1000) NOT NULL DEFAULT 'used'
) ENGINE=InnoDB DEFAULT CHARSET=latin1;

--
-- Dumping data for table `exam_attempt`
--

INSERT INTO `exam_attempt` (`examat_id`, `exmne_id`, `exam_id`, `examat_status`) VALUES
(61, 10, 28, 'used'),
(62, 11, 29, 'used');

-- --------------------------------------------------------

--
-- Table structure for table `exam_question_tbl`
--

CREATE TABLE `exam_question_tbl` (
  `eqt_id` int(11) NOT NULL,
  `exam_id` int(11) NOT NULL,
  `exam_question` varchar(1000) NOT NULL,
  `exam_ch1` varchar(1000) NOT NULL,
  `exam_ch2` varchar(1000) NOT NULL,
  `exam_ch3` varchar(1000) NOT NULL,
  `exam_ch4` varchar(1000) NOT NULL,
  `exam_answer` varchar(1000) NOT NULL,
  `exam_status` varchar(1000) NOT NULL DEFAULT 'active'
) ENGINE=InnoDB DEFAULT CHARSET=latin1;

--
-- Dumping data for table `exam_question_tbl`
--

INSERT INTO `exam_question_tbl` (`eqt_id`, `exam_id`, `exam_question`, `exam_ch1`, `exam_ch2`, `exam_ch3`, `exam_ch4`, `exam_answer`, `exam_status`) VALUES
(39, 28, 'What', 'what1', 'what2', 'what3', 'what4', 'what1', 'active'),
(40, 28, 'that', 'that1', 'that2', 'that3', 'that4', 'that4', 'active'),
(41, 29, 'Displays', 'Tv', 'Decoder', 'Gof', 'When', 'tv', 'active');

-- --------------------------------------------------------

--
-- Table structure for table `exam_tbl`
--

CREATE TABLE `exam_tbl` (
  `ex_id` int(11) NOT NULL,
  `cou_id` int(11) NOT NULL,
  `ex_title` varchar(1000) NOT NULL,
  `ex_time_limit` varchar(1000) NOT NULL,
  `ex_questlimit_display` int(11) NOT NULL,
  `ex_description` varchar(1000) NOT NULL,
  `ex_created` timestamp NOT NULL DEFAULT current_timestamp() ON UPDATE current_timestamp()
) ENGINE=InnoDB DEFAULT CHARSET=latin1;

--
-- Dumping data for table `exam_tbl`
--

INSERT INTO `exam_tbl` (`ex_id`, `cou_id`, `ex_title`, `ex_time_limit`, `ex_questlimit_display`, `ex_description`, `ex_created`) VALUES
(28, 71, 'Graph Theory', '10', 3, 'This is to test students of ITC', '2021-02-24 08:50:33'),
(29, 72, 'Graphics Test', '20', 1, 'For BITC students', '2021-02-24 09:28:03');

-- --------------------------------------------------------

--
-- Table structure for table `feedbacks_tbl`
--

CREATE TABLE `feedbacks_tbl` (
  `fb_id` int(11) NOT NULL,
  `exmne_id` int(11) NOT NULL,
  `fb_exmne_as` varchar(1000) NOT NULL,
  `fb_feedbacks` varchar(1000) NOT NULL,
  `fb_date` varchar(1000) NOT NULL
) ENGINE=InnoDB DEFAULT CHARSET=latin1;

--
-- Dumping data for table `feedbacks_tbl`
--

INSERT INTO `feedbacks_tbl` (`fb_id`, `exmne_id`, `fb_exmne_as`, `fb_feedbacks`, `fb_date`) VALUES
(11, 10, 'Arop Boniface', 'We want to know', 'February 24, 2021');

--
-- Indexes for dumped tables
--

--
-- Indexes for table `admin_acc`
--
ALTER TABLE `admin_acc`
  ADD PRIMARY KEY (`admin_id`);

--
-- Indexes for table `course_tbl`
--
ALTER TABLE `course_tbl`
  ADD PRIMARY KEY (`cou_id`);

--
-- Indexes for table `examinee_tbl`
--
ALTER TABLE `examinee_tbl`
  ADD PRIMARY KEY (`exmne_id`);

--
-- Indexes for table `exam_answers`
--
ALTER TABLE `exam_answers`
  ADD PRIMARY KEY (`exans_id`);

--
-- Indexes for table `exam_attempt`
--
ALTER TABLE `exam_attempt`
  ADD PRIMARY KEY (`examat_id`);

--
-- Indexes for table `exam_question_tbl`
--
ALTER TABLE `exam_question_tbl`
  ADD PRIMARY KEY (`eqt_id`);

--
-- Indexes for table `exam_tbl`
--
ALTER TABLE `exam_tbl`
  ADD PRIMARY KEY (`ex_id`);

--
-- Indexes for table `feedbacks_tbl`
--
ALTER TABLE `feedbacks_tbl`
  ADD PRIMARY KEY (`fb_id`);

--
-- AUTO_INCREMENT for dumped tables
--

--
-- AUTO_INCREMENT for table `admin_acc`
--
ALTER TABLE `admin_acc`
  MODIFY `admin_id` int(11) NOT NULL AUTO_INCREMENT, AUTO_INCREMENT=2;

--
-- AUTO_INCREMENT for table `course_tbl`
--
ALTER TABLE `course_tbl`
  MODIFY `cou_id` int(11) NOT NULL AUTO_INCREMENT, AUTO_INCREMENT=73;

--
-- AUTO_INCREMENT for table `examinee_tbl`
--
ALTER TABLE `examinee_tbl`
  MODIFY `exmne_id` int(11) NOT NULL AUTO_INCREMENT, AUTO_INCREMENT=12;

--
-- AUTO_INCREMENT for table `exam_answers`
--
ALTER TABLE `exam_answers`
  MODIFY `exans_id` int(11) NOT NULL AUTO_INCREMENT, AUTO_INCREMENT=340;

--
-- AUTO_INCREMENT for table `exam_attempt`
--
ALTER TABLE `exam_attempt`
  MODIFY `examat_id` int(11) NOT NULL AUTO_INCREMENT, AUTO_INCREMENT=63;

--
-- AUTO_INCREMENT for table `exam_question_tbl`
--
ALTER TABLE `exam_question_tbl`
  MODIFY `eqt_id` int(11) NOT NULL AUTO_INCREMENT, AUTO_INCREMENT=42;

--
-- AUTO_INCREMENT for table `exam_tbl`
--
ALTER TABLE `exam_tbl`
  MODIFY `ex_id` int(11) NOT NULL AUTO_INCREMENT, AUTO_INCREMENT=30;

--
-- AUTO_INCREMENT for table `feedbacks_tbl`
--
ALTER TABLE `feedbacks_tbl`
  MODIFY `fb_id` int(11) NOT NULL AUTO_INCREMENT, AUTO_INCREMENT=12;
COMMIT;

/*!40101 SET CHARACTER_SET_CLIENT=@OLD_CHARACTER_SET_CLIENT */;
/*!40101 SET CHARACTER_SET_RESULTS=@OLD_CHARACTER_SET_RESULTS */;
/*!40101 SET COLLATION_CONNECTION=@OLD_COLLATION_CONNECTION */;
